thumbnail,title,channel,channel_id,date,view,sub,video_url,keyword
https://img.youtube.com/vi/WFahF9s5aK4/sddefault.jpg,폴로 지겨운거 압니다. [라코스테 이야기],포트배드Fashion Magazine,UCWRDpplrYog3AVXAFwnbdjQ,2024. 6. 8.,10000,21600,https://youtu.be/WFahF9s5aK4&pp,폴로
https://img.youtube.com/vi/xbTIUETEhUM/sddefault.jpg,"지금, 이 순간 영원히 기록될 T1의 여름 T1 X POLO RALPH LAUREN (티원, FAKER, ZEUS, ONER, GUMAYUSI, KERIA,폴로 랄프 로렌)",GQ KOREA,UC7QX2YavsZmS7Se3ZKOsCLQ,2024. 5. 30.,38000,453000,https://youtu.be/xbTIUETEhUM&pp,폴로
https://img.youtube.com/vi/XbKEj4JVmOc/sddefault.jpg,[하와이Vlog] 폴로 160만원 질렀습니다 👚 폴로저렴하게사는법 | 와이켈레 아울렛 | 전세계 매장 가능 | 폴로쿠폰 | 하와이 쇼핑하울 | 폴로하울 | 폴로추천상품,,UC9_KJcD9gK1lZirJdH7rdww,최초 공개: 2023. 11. 8.,11000,869명,https://youtu.be/XbKEj4JVmOc&pp,폴로
https://img.youtube.com/vi/ZXdhLzzbvHo/sddefault.jpg,'여름 내내 입기 좋은' 폴로셔츠 & 버뮤다팬츠 추천,호호시,UCTdMHmzV9J5gihbNrnuqEvA,2024. 6. 7.,11000,153000,https://youtu.be/ZXdhLzzbvHo&pp,폴로
https://img.youtube.com/vi/PBTlgVTuQVs/sddefault.jpg,"마트에서 파는 폴로 랄프로렌 정품 가품 확인 (나이키, POLO, 타미... 모두 정품일까?)",b급TV,UCrvhkEt3YDJ4D2Cav6BhcxA,2023. 12. 17.,14000,35300,https://youtu.be/PBTlgVTuQVs&pp,폴로
https://img.youtube.com/vi/CSkfVqxF71I/sddefault.jpg,여기도 가품이야? 폴로는 왜 이렇게 가품이 많을까?,헬프맨,UChOCmROp3jzyMFbTeqZOiFg,2024. 1. 26.,6600,23100,https://youtu.be/CSkfVqxF71I&pp,폴로
https://img.youtube.com/vi/EljrY8SRJZ4/sddefault.jpg,[ENG CC] 👕이것의 원조는 XXX이 아니다⁉️ | 폴로 셔츠 탄생 비하인드 썰👄,슈스스TV,UC5W3wHMAkp6b_8HrhReP5aQ,2024. 5. 23.,34000,520000,https://youtu.be/EljrY8SRJZ4&pp,폴로
https://img.youtube.com/vi/i7WmGPuw-Bc/sddefault.jpg,천년만년 입는 폴로 아이템. 폴로에서 이거는 필수템! 셔츠 위주 추천,배사임당BAESAIMDANG,UC9HqGIG0Bj8yB77dUJ-Eoxw,2024. 4. 21.,46000,60599,https://youtu.be/i7WmGPuw-Bc&pp,폴로
https://img.youtube.com/vi/fDS8aEif31M/sddefault.jpg,폴로 랄프로렌 가품 확실한 구별법 (폴로 정품 짭 판별),b급TV,UCrvhkEt3YDJ4D2Cav6BhcxA,2024. 1. 10.,14000,35300,https://youtu.be/fDS8aEif31M&pp,폴로
https://img.youtube.com/vi/yMwlT1k7pGU/sddefault.jpg,"폴로, 유니클로 없습니다. 진짜 입을만한 반팔 셔츠는 따로 있습니다.",Gonzo Tv,UC_J0aurzzUe7YmsEhan0KVA,2024. 6. 14.,10000,108000,https://youtu.be/yMwlT1k7pGU&pp,폴로
https://img.youtube.com/vi/etqor2iEz6o/sddefault.jpg,"우리가 폴로에 진심인 ""진짜"" 이유",오늘부터 회계사,UClhPqabyOHBxJzMkQ7k-pxg,2024. 1. 24.,10000,55400,https://youtu.be/etqor2iEz6o&pp,폴로
https://img.youtube.com/vi/VsnmzIsDoTg/sddefault.jpg,[small talk long walk #325] 폴로 랄프로렌 블루라벨을 수집한다면?!,수박 겉핥기,UCrYRihqBAdmjlJMa1wV2Xcw,2024. 5. 15.,1400,7000,https://youtu.be/VsnmzIsDoTg&pp,폴로
https://img.youtube.com/vi/XZ6SbLdshrc/sddefault.jpg,결국 한 벌 더 샀다. 폴로 린넨셔츠,임대리님 남자패션&트렌드,UCZCcPrDDB629XQpaMFhsyfg,2024. 5. 24.,1500,3700,https://youtu.be/XZ6SbLdshrc&pp,폴로
https://img.youtube.com/vi/v1wbKRSBLtQ/sddefault.jpg,"폴로 셔츠 핏 종류와 모델 추천, 스타일링 팁 그리고 역사 feat. 여름 패션 필수템",용훈남ㅣ슬기로운 의생활,UCpFT5Iq8E8uSRorpCarDG4g,2024. 6. 9.,8500,5180,https://youtu.be/v1wbKRSBLtQ&pp,폴로
https://img.youtube.com/vi/5rYScVX4sAU/sddefault.jpg,"😎 제가 찐추천하는 반팔티 8장 소개합니다! (*광고없음) | 기본 브랜드 티셔츠.. 폴로,가니, 스투시, 나이키 등등....",러브솔,UCy3Dp6QP6bQiB7dwsBZEgwQ,2024. 6. 16.,"8,650",117000,https://youtu.be/5rYScVX4sAU&pp,폴로
https://img.youtube.com/vi/dXo-V5sqqeA/sddefault.jpg,이번주 폴로만 입기 가능[셔츠 l 반바지 l 치노팬츠 l 블루종 l 스웨이드자켓 l 반팔셔츠],보통남자들의 옷장,UCuc4IJ2Sw5PZgzyJjFY9vNQ,2023. 8. 15.,8100,41200,https://youtu.be/dXo-V5sqqeA&pp,폴로
https://img.youtube.com/vi/R3DSR21MXCk&t/sddefault.jpg,"👖워크웨어 끝판왕! RRL 희귀템 싹다 입어 보았습니다!(RRL, 랄프로렌 세컨 핸즈샵)",테이스터 션  Taster Shawn,UCT_2f_yrfXE_-P0gUXkzhWw,2024. 3. 5.,60000,19600,https://youtu.be/R3DSR21MXCk&t,폴로
https://img.youtube.com/vi/Jgrhnd0yWao/sddefault.jpg,"올드머니 필수 브랜드들🧐 : 금수저 스타일? 폴로, 드파운드, bau by bride and you, 하나보, 미우미우 등",유리아YuRia,UC00DJ04oplqj4IUUB5vSwZw,2023. 6. 23.,340000,245000,https://youtu.be/Jgrhnd0yWao&pp,폴로
https://img.youtube.com/vi/tBCstCyhL2U&t/sddefault.jpg,제목 크롤링 오류,채널명 크롤링 오류,UCJdZej-O_M69bB4M6aiiLcw,업로드 일자 크롤링 오류,조회수 크롤링 오류,구독자 수 크롤링 오류,https://youtu.be/tBCstCyhL2U&t,폴로
https://img.youtube.com/vi/g3MHneshvLk/sddefault.jpg,폴로 정가품을 구별하는 가장 간단한 방법,포트배드Fashion Magazine,UCWRDpplrYog3AVXAFwnbdjQ,2023. 8. 28.,21000,21600,https://youtu.be/g3MHneshvLk&pp,폴로
https://img.youtube.com/vi/Kjibw8coOCI/sddefault.jpg,🇺🇸 미국 폴로 최신가격 (23년 9월) 남자의류-  미국 아울렛 쇼핑 / 현지 가격은 얼마나 할까? POLO OUTLET,캘리킴 CaliKim,UCVRFZAzXvE_hfETVbKB3ooQ,2023. 9. 19.,7700,2780,https://youtu.be/Kjibw8coOCI&pp,폴로
https://img.youtube.com/vi/Izlr37KVDqk/sddefault.jpg,폭스바겐 폴로 Volkswagen Polo 인제스피디움 [트랙주행] 이민재,고갯마루 Summit Corsa Gruppo,UC4ulpGYm1cZvLOu68YN30XA,2024. 5. 22.,6000,29000,https://youtu.be/Izlr37KVDqk&pp,폴로
https://img.youtube.com/vi/2RF59jvQZrQ/sddefault.jpg,[COVER HIGHLIGHTS] 폴로 랄프 로렌과 윈터의 첫 만남. 봄이니까.,DAZED KOREA,UCNM1fP42FFhNkHngPMCiljw,2024. 2. 24.,11000,124000,https://youtu.be/2RF59jvQZrQ&pp,폴로
https://img.youtube.com/vi/wppW7VZb8vw/sddefault.jpg,중고차 [구해줘카즈] 무시할 수 없는 소형차! 폭스바겐 폴로! 여성 구독자님 첫차구매 출고후기!,중고차 구해줘카즈,UCCRqjkldNAmheMKC7GinZfQ,2024. 6. 16.,697,12800,https://youtu.be/wppW7VZb8vw&pp,폴로
https://img.youtube.com/vi/KZaYoL1UyZ8/sddefault.jpg,[어바웃 뉴욕] 블랙프라이데이 오픈런 실제로 가보니 / 미국 폴로와 한국 폴로 가격 비교 / 블랙프라이데이의 유래 / 연말 소비의 가늠자 블프,매경 월가월부,UCIipmgxpUxDmPP-ma3Ahvbw,2023. 11. 28.,9300,284000,https://youtu.be/KZaYoL1UyZ8&pp,폴로
https://img.youtube.com/vi/wIBeLl9xINY/sddefault.jpg,아직도 폴로셔츠 입으세요? 지금 사면 5년 뒤에도 입을 수 있는  셔츠 브랜드 5가지 추천,Gonzo Tv,UC_J0aurzzUe7YmsEhan0KVA,2023. 8. 20.,540000,108000,https://youtu.be/wIBeLl9xINY&pp,폴로
https://img.youtube.com/vi/0AoEK2kbR-k/sddefault.jpg,"🎯SNS에서 자꾸 물어봐서 가져왔다. 최근 자주 사용하는 여름 패션 아이템 12가지 | 아식스, 포터, 노스페이스, 폴로 랄프로렌, 리바이스, 지샥",오늘의 주우재,UCw-kXdzxMdMdLNI0ZlFFbmA,2023. 7. 21.,640000,1140000,https://youtu.be/0AoEK2kbR-k&pp,폴로
https://img.youtube.com/vi/gO4nbMYCiJI/sddefault.jpg,🇺🇸 미국 폴로 최신가격 (23년 9월) 여자의류-  미국 아울렛 쇼핑 / 가격은 얼마나 저렴할까? POLO OUTLET,캘리킴 CaliKim,UCVRFZAzXvE_hfETVbKB3ooQ,2023. 9. 22.,5800,2780,https://youtu.be/gO4nbMYCiJI&pp,폴로
https://img.youtube.com/vi/rdDMpWMvzdY/sddefault.jpg,남자들은 이런 폴로 셔츠를 한 번 입지 않으면 여자들이 당신을 얼마나 좋아하는지 영원히 모릅니다!,AAAAzzzzzzhh807,UCR3VAeOaRNk-z4Jm1qBjHGg,2024. 5. 15.,580000,5000,https://youtu.be/rdDMpWMvzdY&pp,폴로
https://img.youtube.com/vi/jz8Ts08O2lc/sddefault.jpg,랄프로렌 폴로 미국 공홈 세일 언박싱😃🛍,허니스킨,UC-7WL4zuKJLrzOIWaeLq8cg,2024. 5. 13.,745,388명,https://youtu.be/jz8Ts08O2lc&pp,폴로
https://img.youtube.com/vi/axpUW6fWrTI/sddefault.jpg,제목 크롤링 오류,채널명 크롤링 오류,UCJSBa7exUxGA3ZNoWEEx4lw,업로드 일자 크롤링 오류,조회수 크롤링 오류,구독자 수 크롤링 오류,https://youtu.be/axpUW6fWrTI&pp,폴로
https://img.youtube.com/vi/Q8ueMKkflwQ/sddefault.jpg,"신나는 하와이 와이켈레 아울렛쇼핑 (폴로, 코치, 타미, 켈빈) 신혼여행 좋아~~",끼리코,UCsYdvHJJVWMjmcxYXDsldiA,2023. 12. 20.,7000,9명,https://youtu.be/Q8ueMKkflwQ&pp,폴로
https://img.youtube.com/vi/TuK456zrbeo/sddefault.jpg,평범한 폴로셔츠가 지겹다면,임대리님 남자패션&트렌드,UCZCcPrDDB629XQpaMFhsyfg,2024. 5. 11.,2700,3700,https://youtu.be/TuK456zrbeo&pp,폴로
https://img.youtube.com/vi/Cx1iD-KNJSU/sddefault.jpg,폴로니트 추천 판매순위 Top10 || 가격 평점 후기 비교,별이 빛나는 쇼핑,UCxv3BPfqB1L5h_4gOXb-PVw,2023. 6. 21.,55,2360,https://youtu.be/Cx1iD-KNJSU&pp,폴로
https://img.youtube.com/vi/7mdTxJtFsXE/sddefault.jpg,"🍃 2023 가디건 추천 기준 | 메종키츠네, 폴로, 아쎄르 사이즈 팁까지",러브솔,UCy3Dp6QP6bQiB7dwsBZEgwQ,2023. 11. 1.,51000,117000,https://youtu.be/7mdTxJtFsXE&pp,폴로
https://img.youtube.com/vi/MCi5cFeQ71w/sddefault.jpg,룰루레몬 에볼루션 폴로,행복한프로그래머,UCxAq-CNMY97WxMQll91rKgg,2023. 6. 27.,64,94명,https://youtu.be/MCi5cFeQ71w&pp,폴로
https://img.youtube.com/vi/d7hGZ8ZSdig/sddefault.jpg,폴로반팔티셔츠 추천 판매순위 Top10 || 가격 평점 후기 비교,슬기로운 쇼핑생활,UCuqaqo0setu9zqMr5KHmGSQ,2023. 6. 17.,104,4280,https://youtu.be/d7hGZ8ZSdig&pp,폴로
https://img.youtube.com/vi/UAu83zsxmiA/sddefault.jpg,폴로린넨셔츠 추천 판매순위 Top10 || 가격 평점 후기 비교,별이 빛나는 쇼핑,UCxv3BPfqB1L5h_4gOXb-PVw,2023. 6. 23.,56,2360,https://youtu.be/UAu83zsxmiA&pp,폴로
https://img.youtube.com/vi/WlDIGBxFxeY/sddefault.jpg,"vlog_  자라에서 올드머니룩 따라잡기, 구찌 니트 하울, 폴로 여주아울렛, 독감 걸리고 탕후루 먹는 일상, 쇼핑브이로그",엘라벨라블라 EllaBellaBlah,UCvpbKZ0Rrb6yDLAHbhhNC-Q,2023. 9. 16.,27000,10400,https://youtu.be/WlDIGBxFxeY&pp,폴로
https://img.youtube.com/vi/y0ml6O7_1Io/sddefault.jpg,"가을하면 폴로, 폴로하면 가을 아니겠어요?🤎ㅣ폴로 가을 룩북🍁🍂(feat.쉽겟)ㅣ폴로 니트ㅣ폴로 가디건ㅣ폴로 셔츠ㅣ패션하울ㅣ타오바오 하울📦",소이진,UCXHN8unWyGmUmqeHosG69Fg,2023. 8. 27.,18000,2060,https://youtu.be/y0ml6O7_1Io&pp,폴로
https://img.youtube.com/vi/7W3g9WVe7JY&t/sddefault.jpg,"유행은 반복되고, 2024년에는 이게 다시 유행합니다. 2024 S/S 패션 트렌드 정리",Mid Style 미드스타일,UCt13DPmDZtlHhXca9aa8_ZQ,2024. 1. 1.,100000,90800,https://youtu.be/7W3g9WVe7JY&t,폴로
https://img.youtube.com/vi/FUnO4UJGQsE/sddefault.jpg,[Vlog] 뉴욕 우드버리 아울렛에서 반값으로 탕진잼💸 | 폴로60%할인| 최신 아이템들 | 버버리 | 아크네 | 마르지엘라,듄턱Dunetuck,UCX6KDPJcL3olhDgApzLVaew,2024. 1. 10.,17000,74명,https://youtu.be/FUnO4UJGQsE&pp,폴로
https://img.youtube.com/vi/ViCGkivcTGY/sddefault.jpg,폴로가디건 추천 판매순위 Top10 || 가격 평점 후기 비교,코코티비,UCc_JZODO1HZPcQvzy8lt2sw,2023. 7. 10.,219,3970,https://youtu.be/ViCGkivcTGY&pp,폴로
https://img.youtube.com/vi/aCRismumI-Y/sddefault.jpg,폴로볼캡 추천 판매순위 Top10 || 가격 평점 후기 비교,슬기로운 쇼핑생활,UCuqaqo0setu9zqMr5KHmGSQ,2023. 7. 6.,225,4280,https://youtu.be/aCRismumI-Y&pp,폴로
https://img.youtube.com/vi/iuFsHQM2l5U/sddefault.jpg,"가위바위보 진사람 타투 박기 (Feat. 폴로다레드, 민우킴)",류정란,UCb9ZiLXCBFTUvA9xIhK7B2A,2024. 2. 26.,34000,254000,https://youtu.be/iuFsHQM2l5U&pp,폴로
https://img.youtube.com/vi/iHQgr208-LY/sddefault.jpg,폴로바람막이 추천 판매순위 Top10 || 가격 평점 후기 비교,어바웃쇼핑,UC6Ve4mB8Cvi3F4rlt3w4gaw,2023. 6. 20.,65,3590,https://youtu.be/iHQgr208-LY&pp,폴로
https://img.youtube.com/vi/qdEqBaxkfRA/sddefault.jpg,제목 크롤링 오류,채널명 크롤링 오류,UCxv3BPfqB1L5h_4gOXb-PVw,업로드 일자 크롤링 오류,조회수 크롤링 오류,구독자 수 크롤링 오류,https://youtu.be/qdEqBaxkfRA&pp,폴로
https://img.youtube.com/vi/kw0r8R1FQlM/sddefault.jpg,폴로랄프로렌반팔 추천 판매순위 Top10 || 가격 평점 후기 비교,어바웃쇼핑,UC6Ve4mB8Cvi3F4rlt3w4gaw,2023. 6. 20.,64,3590,https://youtu.be/kw0r8R1FQlM&pp,폴로
https://img.youtube.com/vi/Jgrhnd0yWao&t/sddefault.jpg,"올드머니 필수 브랜드들🧐 : 금수저 스타일? 폴로, 드파운드, bau by bride and you, 하나보, 미우미우 등",유리아YuRia,UC00DJ04oplqj4IUUB5vSwZw,2023. 6. 23.,340000,245000,https://youtu.be/Jgrhnd0yWao&t,폴로
https://img.youtube.com/vi/2o8lXD-zO7E/sddefault.jpg,제목 크롤링 오류,채널명 크롤링 오류,UCVJ9ot42o1X9cTkOdTyJxQw,업로드 일자 크롤링 오류,조회수 크롤링 오류,구독자 수 크롤링 오류,https://youtu.be/2o8lXD-zO7E&pp,폴로
https://img.youtube.com/vi/DIPWFV6X1WE/sddefault.jpg,'랄프 로렌 퍼플 라벨' 한 눈에 알아보는 핵심 요약 강의! 2024 S/S Ralph Lauren Purple  label,박스까남,UCSNzqGjYZCe4MN7Yb2grqyA,2024. 4. 5.,21000,187000,https://youtu.be/DIPWFV6X1WE&pp,폴로
https://img.youtube.com/vi/AbNBdnpuHGY/sddefault.jpg,[Haul] 폴로가 가장싼 미국아울렛🤭 73만원 할인이라니!!!! 💸(feat. 블랙프라이데이/ 캐시미어니트 / 꽈배기니트/ 모자),이지로그 Eazzy_log,UCpWFsmesIi0P4FYGaWHeEsw,2023. 12. 17.,5400,75명,https://youtu.be/AbNBdnpuHGY&pp,폴로
https://img.youtube.com/vi/5WJg_YVsgtM/sddefault.jpg,폴로 랄프로렌 VIP 쇼룸에 초대 받았습니다. 까남이 픽한 2021 S/S 랄프로렌 잇템은? ㅣ랄프로렌 ㅣ폴로 ㅣ RRL ㅣ박스까남,박스까남,UCSNzqGjYZCe4MN7Yb2grqyA,2021. 3. 19.,100000,187000,https://youtu.be/5WJg_YVsgtM&pp,폴로
https://img.youtube.com/vi/dogyJM2Z1Hc/sddefault.jpg,"이 영상을 보시면 폴로를 사지 않을지도 모릅니다 【폴로를 대체할 브랜드가 있을까?】 ‎폴로 랄프로렌, Polo Ralph Lauren",몬스터쏭,UCUie7_JlZeM0QGzJQHsR_xQ,2021. 6. 18.,150000,19600,https://youtu.be/dogyJM2Z1Hc&pp,폴로
https://img.youtube.com/vi/JdhBdgJRsGI/sddefault.jpg,6가지 폴로 입어보기 ㅣ 10대부터 60대까지 예쁘게 입을 수 있는 POLOㅣ세일템도 있어요!ㅣ위라라ㅣ길트프리ㅣ르셀로나ㅣ나이키ㅣ줌보메로,보라보나borabona,UCbzgulnbFWP7pTdQAB8ksdw,2023. 5. 20.,13000,43500,https://youtu.be/JdhBdgJRsGI&pp,폴로
https://img.youtube.com/vi/EOyXXMcZH5o/sddefault.jpg,사람들이 폴로 랄프로렌에 열광하는 이유,탈패션 FASHION,UCvz69hskxi36eFq0rzUj_PA,2022. 6. 18.,13000,66000,https://youtu.be/EOyXXMcZH5o&pp,폴로
https://img.youtube.com/vi/ZBkId2wBUns/sddefault.jpg,폴로 하울 4탄☔️ㅣ여주 프리미엄 아울렛ㅣ최대 60% 할인⁉️ㅣ50만원 쇼핑🫠ㅣ폴로 셔츠ㅣ폴로 카라티ㅣ라코스테 카라티,소이진,UCXHN8unWyGmUmqeHosG69Fg,2023. 7. 14.,9500,2060,https://youtu.be/ZBkId2wBUns&pp,폴로
https://img.youtube.com/vi/8mL8VE8YUlo/sddefault.jpg,2024년 판매랭킹 상위품목 추천 ★   폴로 랄프로렌 가디건   오늘의 인기추천   BEST   ㅣ추천템ㅣ생활 꿀템ㅣ,HotShop,UCCpoo34Tn3KjTRP_HjhXfPQ,2024. 4. 21.,18,11명,https://youtu.be/8mL8VE8YUlo&pp,폴로
https://img.youtube.com/vi/tDe0-4qSUVI/sddefault.jpg,[폴로 랄프로렌 3탄] 폴로 가격 논란? 같은 디자인인데 가격이 2배 차이 난다고?!('키즈' 편),"쇼핑스, 해외라이브 쇼핑 플랫폼",UCkKnqmwcg2R0FC9nlJeUGWw,2023. 9. 22.,1600,2680,https://youtu.be/tDe0-4qSUVI&pp,폴로
https://img.youtube.com/vi/9My4YJ0HabM/sddefault.jpg,OTJIP OOTD / 여성 44~55 size  / 폴로랄프로렌 셔츠 원피스 코디,옷;집,UCrxNH4IvWAhAWZK_T2tE_ZQ,2023. 8. 16.,53,6명,https://youtu.be/9My4YJ0HabM&pp,폴로
https://img.youtube.com/vi/hfdmuSFQdR0/sddefault.jpg,제목 크롤링 오류,채널명 크롤링 오류,UCzYB6YA5f-Tc7GQcIese7pg,업로드 일자 크롤링 오류,조회수 크롤링 오류,구독자 수 크롤링 오류,https://youtu.be/hfdmuSFQdR0&pp,폴로
https://img.youtube.com/vi/Ek2XInBnprg/sddefault.jpg,폴로랄프로렌 추천 판매순위 Top10 || 가격 평점 후기 비교,무무튜브,UCVfRQsabxpSyydS3A3hKTZQ,2023. 6. 21.,25,147명,https://youtu.be/Ek2XInBnprg&pp,폴로
https://img.youtube.com/vi/ednJ6Tg7LuM/sddefault.jpg,제목 크롤링 오류,채널명 크롤링 오류,UC7QX2YavsZmS7Se3ZKOsCLQ,업로드 일자 크롤링 오류,조회수 크롤링 오류,구독자 수 크롤링 오류,https://youtu.be/ednJ6Tg7LuM&pp,폴로
https://img.youtube.com/vi/tP69_ZOEndM/sddefault.jpg,어린이날 쿠키박스×폴로 랄프로렌×선물,라비틀쿠키,UCRzVF6QP_u0AGS8TQK3P1zg,2024. 4. 11.,66,50명,https://youtu.be/tP69_ZOEndM&pp,폴로
https://img.youtube.com/vi/kjT-dSFa1SA/sddefault.jpg,폴로랄프로렌_과제_광고영상_22461082이유정,이유정,UCWN_frNHU2rre4vj6JsBpEw,2024. 4. 16.,24,구독자 수 크롤링 오류,https://youtu.be/kjT-dSFa1SA&pp,폴로
https://img.youtube.com/vi/0AqvmNsiNXc/sddefault.jpg,폴로랄프로렌가디건 추천 판매순위 Top10 || 가격 평점 후기 비교,무무튜브,UCVfRQsabxpSyydS3A3hKTZQ,2023. 6. 21.,69,147명,https://youtu.be/0AqvmNsiNXc&pp,폴로
https://img.youtube.com/vi/da3EW_r9MuY/sddefault.jpg,"미국 POLO 아울렛 세일 / 폴로 랄프로렌 꽈배기니트 추천, 아울렛 가격 털기 / 올드머니룩, 데일리룩, 꾸안꾸룩✨ Polo Lookbook 미국 쇼핑 브이로그",LetsgoJenny 렛츠고제니 ,UCyhaQzZv9B82e8lrhEcSJXg,2023. 11. 6.,1500,1880,https://youtu.be/da3EW_r9MuY&pp,폴로
https://img.youtube.com/vi/MvgYCKpzGIY/sddefault.jpg,폴로랄프로렌반팔 추천 판매순위 Top10 || 가격 평점 후기 비교,별이 빛나는 쇼핑,UCxv3BPfqB1L5h_4gOXb-PVw,2023. 6. 18.,44,2360,https://youtu.be/MvgYCKpzGIY&pp,폴로
https://img.youtube.com/vi/ZxKSzt_yCPU/sddefault.jpg,올해 가장 잘 팔린   폴로 랄프로렌 가디건   오늘의 인기추천   BEST  ㅣ내돈내산ㅣ생활 꿀템ㅣ,품절각,UCRFJU8wv53gGnce7Ncytbjg,2024. 3. 26.,30,56명,https://youtu.be/ZxKSzt_yCPU&pp,폴로
https://img.youtube.com/vi/Lzsqhawoqys/sddefault.jpg,폴로랄프로렌 꽈배기 브이넥 니트티 여자 긴팔 스웨터 12컬러 FW23,빨간단풍구매대행,UCsYkOszJIO8dHCGnPT1RqoQ,2023. 9. 19.,74,15명,https://youtu.be/Lzsqhawoqys&pp,폴로
https://img.youtube.com/vi/S3R4Pk3FrkI/sddefault.jpg,"폴로니트 공구 정품일까? 해외직구, 아울렛 매장템과 비교 (165cm S사이즈) #폴로",리뷰하는 묘대리,UCqiYDhH7fs18whd09ekhrKg,2023. 10. 24.,38000,28200,https://youtu.be/S3R4Pk3FrkI&pp,폴로
https://img.youtube.com/vi/cfBf3Ff3DaI/sddefault.jpg,내가 찾던 폴로랄프로렌!! 가격 평점 리뷰 후기 총정리!,재밌는 영상,UCeIGjWQdkG12UyQeypJX7ZQ,2023. 9. 24.,20,2830,https://youtu.be/cfBf3Ff3DaI&pp,폴로
https://img.youtube.com/vi/D3atKQxi4uk/sddefault.jpg,폴로 랄프로렌가디건 추천 판매순위 Top10 || 가격 평점 후기 비교,슬기로운 쇼핑생활,UCuqaqo0setu9zqMr5KHmGSQ,2023. 11. 26.,41,4280,https://youtu.be/D3atKQxi4uk&pp,폴로
https://img.youtube.com/vi/0KMTb0tWhkk/sddefault.jpg,폴로 랄프로렌 반팔티 여성  211506471 통기성 테스트,주식회사 조아무역 JoaTrade,UCkZCfCQ4kFJf3ABI4UR1w9A,2023. 8. 18.,92,212명,https://youtu.be/0KMTb0tWhkk&pp,폴로
https://img.youtube.com/vi/bney8Cs4tkY/sddefault.jpg,"마크와 폴로 랄프 로렌이 완성한 귀여움의 앙상블ㅣ마크, NCT, 폴로랄프로렌, 에스콰이어, ESQUIRE KOREA",ESQUIRE Korea,UCilp2H6r1B-MsTtPT6d48cQ,2023. 9. 16.,64000,325000,https://youtu.be/bney8Cs4tkY&pp,폴로
https://img.youtube.com/vi/_mOIk4zNzdU/sddefault.jpg,ARENA X POLO RALPH LAUREN | #류준열,아레나옴므플러스,UCFg6o2kwW5U2Cg8MRs5cWEw,2023. 10. 28.,7600,39000,https://youtu.be/_mOIk4zNzdU&pp,폴로
https://img.youtube.com/vi/1GKNRo_D5wk/sddefault.jpg,2023년 가장 인기 있는 폴로랄프로렌 추천 BEST 7,이쿼보고카,UCebhSqtaVqOUgfypH8UGBzA,2023. 10. 15.,24,406명,https://youtu.be/1GKNRo_D5wk&pp,폴로
https://img.youtube.com/vi/-5w2WoU2M6E/sddefault.jpg,폴로랄프로렌 판매순위 인기 TOP10 추천 / 할인정보 / 가격 / 후기 / 가성비,Third review,UCJdGzTbyoLz4SfDPkEDOQCg,2023. 11. 27.,11,73명,https://youtu.be/-5w2WoU2M6E&pp,폴로
https://img.youtube.com/vi/uCbvxOzA0qg/sddefault.jpg,제목 크롤링 오류,채널명 크롤링 오류,UCG19Ad2PnhcACLG77CYuD5A,업로드 일자 크롤링 오류,조회수 크롤링 오류,구독자 수 크롤링 오류,https://youtu.be/uCbvxOzA0qg&pp,폴로
https://img.youtube.com/vi/uo07fRXrvZM/sddefault.jpg,2024년 사람들이 많이 찾는 폴로랄프로렌 추천 TOP 10,이쿼보고카,UCebhSqtaVqOUgfypH8UGBzA,2024. 2. 14.,17,406명,https://youtu.be/uo07fRXrvZM&pp,폴로
https://img.youtube.com/vi/fu-2OwisJhU/sddefault.jpg,제목 크롤링 오류,채널명 크롤링 오류,UCu5SjU_5a_A_fldEWXZP4Ow,업로드 일자 크롤링 오류,조회수 크롤링 오류,구독자 수 크롤링 오류,https://youtu.be/fu-2OwisJhU&pp,폴로
https://img.youtube.com/vi/y8JDW7GeiWA/sddefault.jpg,자칭 폴로랄프로렌 전문가가 선택한 사람들이 많이 찾는 폴로랄프로렌 추천 TOP 10 !!,이쿼보고카,UCebhSqtaVqOUgfypH8UGBzA,2024. 3. 30.,16,406명,https://youtu.be/y8JDW7GeiWA&pp,폴로
https://img.youtube.com/vi/tfJjb12oLcY/sddefault.jpg,폴로 랄프로렌보다 근본에 싸고 좋습니다. 명품 치노팬츠 추천 제발 혼자보세요.,탈패션 FASHION,UCvz69hskxi36eFq0rzUj_PA,2023. 7. 12.,95000,66000,https://youtu.be/tfJjb12oLcY&pp,폴로
https://img.youtube.com/vi/HR2oPpDGcNk/sddefault.jpg,아디다스 트랙팬츠 예쁘게 코디하기!코디천재들의 코디제안💕돌아온 아디다스 간지나게 입어봐요!,프피프제,UCqRHrXiHEkmeaPWs5QDX7HQ,2024. 5. 16.,8400,3190,https://youtu.be/HR2oPpDGcNk&pp,아디다스
https://img.youtube.com/vi/17bJ0q7KyJE/sddefault.jpg,"🫢 ""지금 사면 늦나요?!"" | 맥시멀리스트의 아디다스 삼바,가젤,토바코 등등! 리뷰+비교+추천",러브솔,UCy3Dp6QP6bQiB7dwsBZEgwQ,2024. 2. 18.,160000,117000,https://youtu.be/17bJ0q7KyJE&pp,아디다스
https://img.youtube.com/vi/COz8wv9U9B0/sddefault.jpg,"vlog) 요즘 쇼핑한 것들로 봄 데일리룩 브이로그🌷바쁘다 바빠 행사주간 비아플레인 팝업, 오페라스포트, 모노하 쇼룸 | 최애 버거🍔 도넛🍩 아디다스 트랙팬츠 쇼핑하울",묵화mookwa,UCgoF9YEH3vw4qi_Q3ECYi9A,2024. 5. 12.,41000,47600,https://youtu.be/COz8wv9U9B0&pp,아디다스
https://img.youtube.com/vi/elB4hnVtv8c/sddefault.jpg,"나는 아디다스에서 뭘 신어야 할까? (ft.가젤, 슈퍼스타, 삼바, 캠퍼스)",페플TV,UCeRItOFMPO3TBKK7lp9vcdQ,2023. 9. 1.,56000,52699,https://youtu.be/elB4hnVtv8c&pp,아디다스
https://img.youtube.com/vi/IIPl0ndBB8w/sddefault.jpg,아디다스 운동화 샀어요 그라다스 IE9044,한결_YT,UCQAdlQ9cl1hmHMthc4WAhag,2024. 6. 14.,263,439명,https://youtu.be/IIPl0ndBB8w&pp,아디다스
https://img.youtube.com/vi/D-tHKIKykko/sddefault.jpg,아디다스의 자책골,WLDO,UCijBTYEiKT1OJO54C6PnRqw,2024. 5. 15.,160000,466000,https://youtu.be/D-tHKIKykko&pp,아디다스
https://img.youtube.com/vi/KxBI0w1nf_Y/sddefault.jpg,2023년 제품 선호도가 좋은! 아디다스운동화! 베스트 TOP10! 가격 평점 리뷰 후기 총정리!!,리뷰달인!,UCB7bN6hy56H-nEMTH9DtUNg,2023. 6. 19.,2700,6470,https://youtu.be/KxBI0w1nf_Y&pp,아디다스
https://img.youtube.com/vi/RaW5zjnGMAE/sddefault.jpg,👟아디다스가 작정하고 만든 역대 가장 가볍고 가장 비싼 1회용 러닝화,애슬레틱 라이프 Athletic Life,UCM9MPGAGS-StU5swPiZHnHg,2023. 10. 4.,640000,105000,https://youtu.be/RaW5zjnGMAE&pp,아디다스
https://img.youtube.com/vi/dhiTSfpnrhQ&t/sddefault.jpg,HAUL ✯ 6월 여름 내돈내산 쇼핑하울 🛒 여행지에서 돌려입기 좋은 아이템 19가지 ✶༄ ‧₊˚,YUZU 유즈,UCkthQXGzGcLw5oW2KWTM4dg,2024. 6. 5.,67000,189000,https://youtu.be/dhiTSfpnrhQ&t,아디다스
https://img.youtube.com/vi/1ZmAP5FqfjM/sddefault.jpg,지금 제일 핫한 아디다스 트랙팬츠 기장별 스타일링!,Bella 우영,UCi8bsCsN-kZtfqpW4Gd405Q,2024. 6. 14.,7300,13500,https://youtu.be/1ZmAP5FqfjM&pp,아디다스
https://img.youtube.com/vi/4ejk7orL194/sddefault.jpg,아디다스 회장의 난잡한 가족사 팩트체크,책트폭행,UC6fHsw10ln9iFNdv4e2LGww,2023. 9. 9.,320000,148000,https://youtu.be/4ejk7orL194&pp,아디다스
https://img.youtube.com/vi/UG0To9X7ceM/sddefault.jpg,러시아 사람들은 왜 이렇게 아디다스를 좋아할까? [스포츠 탐탐 : 29편] / 스브스뉴스,스브스뉴스 SUBUSUNEWS,UCQabORQKQRHP-iUqe-xIFvg,2024. 5. 16.,150000,1040000,https://youtu.be/UG0To9X7ceM&pp,아디다스
https://img.youtube.com/vi/QDp6sf9lak8/sddefault.jpg,제목 크롤링 오류,채널명 크롤링 오류,UCZSQpNkiVSfAv_vwrEMdolQ,업로드 일자 크롤링 오류,조회수 크롤링 오류,구독자 수 크롤링 오류,https://youtu.be/QDp6sf9lak8&pp,아디다스
https://img.youtube.com/vi/xa75-gff1Wg/sddefault.jpg,6분만에 알아보는 아디다스에 대한 14가지 사실 / 아디다스랑 퓨마는 형제다! / 아디다스가 명품 브랜드랑 협업하는 이유? / 삼선 쓰레빠의 탄생비화?,앤드류의 5분 대백과사전,UCglNtEJO31sjAsEDGXJWYfg,2023. 1. 16.,5300,199000,https://youtu.be/xa75-gff1Wg&pp,아디다스
https://img.youtube.com/vi/V0uVmZmQpwA/sddefault.jpg,"UA All Day, UA All Night",Under Armour,UCsjmH-FH4KbZMR3_AT8egWQ,2024. 4. 29.,46000,289000,https://youtu.be/V0uVmZmQpwA&pp,아디다스
https://img.youtube.com/vi/KNdpSWzH9NU/sddefault.jpg,Reebok - Classic Leather Preserve The Past,Reebok,UCLhK4_HF-LEtBC71LYL2Z4g,2023. 1. 25.,110000,167000,https://youtu.be/KNdpSWzH9NU&pp,아디다스
https://img.youtube.com/vi/-ukyFQMR_4k/sddefault.jpg,ASICS Running | METASPEED™ PARIS Series | Move your mind with ASICS,ASICS,UCcmYRPv2dNVkSWgCp_5M7yA,2024. 5. 23.,1500,39700,https://youtu.be/-ukyFQMR_4k&pp,아디다스
https://img.youtube.com/vi/9QhTdBpVW6E&t/sddefault.jpg,패션하울 ✴ 4월 봄 내돈내산 18가지 🛒,니들needle,UCHlpg27bXgmU_lfDd7hHxyA,2024. 4. 19.,89000,61700,https://youtu.be/9QhTdBpVW6E&t,아디다스
https://img.youtube.com/vi/7gKSI0x1ZVY/sddefault.jpg,"""인기 상품은 전부 온라인에..."" 남은 건 빚 뿐이라는 아디다스 일반 매장 점주들의 눈물 | 추적60분 KBS 231117 방송",KBS 추적60분,UCy-6oZwPwrR_W-zYnqLD8dg,2023. 11. 27.,3680000,616000,https://youtu.be/7gKSI0x1ZVY&pp,아디다스
https://img.youtube.com/vi/h-YQnBdIBIc/sddefault.jpg,ENG) [이랫배] 일주일동안 아디다스 져지 돌려입기🕶●𖦹 늦봄-초여름 일주일코디 간절기 데일리룩 OOTDVLOG What I wear in a week,배배자매-BaeBae vlog,UCXe53j9Mq0rAWmbIzOMF9fw,2024. 5. 19.,53000,480000,https://youtu.be/h-YQnBdIBIc&pp,아디다스
https://img.youtube.com/vi/-oo0qR8caiw/sddefault.jpg,홀란드가 아디다스를 거절한 이유,축모 Total Football,UCCQuPBBpNTU8hc6njH6LwjQ,2024. 4. 26.,69000,2880,https://youtu.be/-oo0qR8caiw&pp,아디다스
https://img.youtube.com/vi/j2IFjbM0Lp0/sddefault.jpg,77년 만에 이별하는 아디다스와 독일 축구｜크랩,크랩 KLAB,UCoxT1kQSLq564FwpK473w-g,2024. 4. 1.,180000,574000,https://youtu.be/j2IFjbM0Lp0&pp,아디다스
https://img.youtube.com/vi/M2T0Pyfmml8/sddefault.jpg,"흔들리는 나이키, 폭락하는 아디다스",슈카월드,UCsJ6RuBiTVWRX156FVbeaGg,2024. 4. 26.,960000,3250000,https://youtu.be/M2T0Pyfmml8&pp,아디다스
https://img.youtube.com/vi/OwpQ3Yby2Wo/sddefault.jpg,나이키/뉴발란스/아디다스/살로몬/혼스비 매일 신는 최애 운동화는?!,레이디제인 lady Jane,UCN5TxY0WwQM8xUl2daYzgFA,2024. 3. 29.,100000,73700,https://youtu.be/OwpQ3Yby2Wo&pp,아디다스
https://img.youtube.com/vi/vbTcDCOZneE/sddefault.jpg,'TURN UP MOVEMENT' 스포츠 브랜드 아디다스 FWD-02 SPORT 블루투스 이어폰 30s 캠페인 영상(feat. Sasha),SOVICO AV,UCRL8UKLmf5FKpL7YeLqtEIg,2023. 6. 27.,18000,380명,https://youtu.be/vbTcDCOZneE&pp,아디다스
https://img.youtube.com/vi/lyb5IDOjqA0/sddefault.jpg,또래보다 젊어 보이는 여성들은 올해 이 운동화를 신습니다. 나이보다 어려 보이는 여성들의 운동화는 뭐가 달랐을까...?  | 2024 운동화 트렌드,미드라이프 GML,UCSzolyQzJ-ogUIfKUBy4VEw,2023. 12. 18.,120000,54800,https://youtu.be/lyb5IDOjqA0&pp,아디다스
https://img.youtube.com/vi/VVLukgG7HGg&t/sddefault.jpg,💜2024년 여자운동화 추천! 트렌드!! 뜨는 운동화까지 싹 정리해봄.,Bora Claire (보라끌레르),UCSrRZH9QT6li5PIAv0r_6QA,2024. 1. 30.,550000,698000,https://youtu.be/VVLukgG7HGg&t,아디다스
https://img.youtube.com/vi/U3KIERgu7hA/sddefault.jpg,아디다스키즈풋살화 추천 판매순위 Top10 || 가격 평점 후기 비교,코코티비,UCc_JZODO1HZPcQvzy8lt2sw,2023. 7. 4.,250,3970,https://youtu.be/U3KIERgu7hA&pp,아디다스
https://img.youtube.com/vi/JVfxw-IFVt4/sddefault.jpg,아디다스아노락 추천 판매순위 Top10 || 가격 평점 후기 비교,쇼핑헬퍼,UCE0P8Mm8dOqQJCiUqklGjEQ,2023. 6. 22.,272,19900,https://youtu.be/JVfxw-IFVt4&pp,아디다스
https://img.youtube.com/vi/8t0YcNM0eS4/sddefault.jpg,"그 시절, 우리가 사랑했던 아디다스 져지 | 베켄바우어, 파이어버드",잼준의 패션 일기,UC-xm6lqB59qh13MkxetXD9w,2024. 3. 5.,26000,367명,https://youtu.be/8t0YcNM0eS4&pp,아디다스
https://img.youtube.com/vi/5mq7y1E8jEY/sddefault.jpg,"👟요즘, OO운동화가 뜨는 이유❓️'옷잘알'들은 미리 쟁이는 여름운동화 7 추천",Bora Claire (보라끌레르),UCSrRZH9QT6li5PIAv0r_6QA,2024. 5. 25.,180000,698000,https://youtu.be/5mq7y1E8jEY&pp,아디다스
https://img.youtube.com/vi/6tzHNvjMHoM/sddefault.jpg,"🍃 고르고 고른 바람막이 9가지 추천 & 리뷰 | 나이키,아디다스,아크테릭스, 뉴발란스...등등 나의 최애 바람막이는?",러브솔,UCy3Dp6QP6bQiB7dwsBZEgwQ,2024. 4. 21.,130000,117000,https://youtu.be/6tzHNvjMHoM&pp,아디다스
https://img.youtube.com/vi/7jpBJqyQ0eY/sddefault.jpg,제목 크롤링 오류,채널명 크롤링 오류,UC6Ve4mB8Cvi3F4rlt3w4gaw,업로드 일자 크롤링 오류,조회수 크롤링 오류,구독자 수 크롤링 오류,https://youtu.be/7jpBJqyQ0eY&pp,아디다스
https://img.youtube.com/vi/VqSaetJ9u_4/sddefault.jpg,리셀가 오르기전에 사야됩니다! 지금 가장 주목받고있는 스니커즈 아디다스 스페지알 [운동화 트렌드],모도의옷방,UCVBFd4ItGBDC_sgxB4alYVQ,2024. 3. 10.,25000,9960,https://youtu.be/VqSaetJ9u_4&pp,아디다스
https://img.youtube.com/vi/HxiakaffUqI/sddefault.jpg,아디다스모자 추천 판매순위 Top10 || 가격 평점 후기 비교,하나쇼핑,UCIqwrRdpysk_KqW1zgfALGQ,2023. 7. 5.,406,4510,https://youtu.be/HxiakaffUqI&pp,아디다스
https://img.youtube.com/vi/dvwFCaTlyA4/sddefault.jpg,[EP.06] 2024 마원의 신발장 정리! 아디다스 신발정리! feat. 초보자용 러닝화 추천,마원tv [MasterWonTV],UCcrn_rpYK0ElkREHbpN1KFg,2024. 6. 15.,1200,8640,https://youtu.be/dvwFCaTlyA4&pp,아디다스
https://img.youtube.com/vi/cbNjEfhBY1o/sddefault.jpg,아디다스트레이닝바지 추천 판매순위 Top10 || 가격 평점 후기 비교,어바웃쇼핑,UC6Ve4mB8Cvi3F4rlt3w4gaw,2023. 6. 18.,117,3590,https://youtu.be/cbNjEfhBY1o&pp,아디다스
https://img.youtube.com/vi/Qy_qvD62Z6g/sddefault.jpg,"🇯🇵도쿄 구석구석 쇼핑 꿀팁 대방출🛍️ |삼바 사시려면 아디다스 말고 'OO매장'으로 가세요! | 슈프림, 꼼데가르송, 아디다스 삼바, 쿠로미, 에르메스",주워너비,UCr0mrjrjT2h6SH8tFIqBF8w,2023. 6. 28.,763,459명,https://youtu.be/Qy_qvD62Z6g&pp,아디다스
https://img.youtube.com/vi/OG4xFONb6pk/sddefault.jpg,"2024 요즘 뜨는 운동화 모음! 다양한 코디팁까지! / 아디다스, 삼바, 가젤, 스페지알, 오니츠카 타이거 / adidas, samba, gazelle, spezial",마이 모멘또 my momento,UCBtmRin-fYPy2qQPixbQIKg,2024. 1. 24.,120000,81800,https://youtu.be/OG4xFONb6pk&pp,아디다스
https://img.youtube.com/vi/UQfqBEfJs3A/sddefault.jpg,아디다스버킷햇 추천 판매순위 Top10 || 가격 평점 후기 비교,하나쇼핑,UCIqwrRdpysk_KqW1zgfALGQ,2023. 7. 5.,310,4510,https://youtu.be/UQfqBEfJs3A&pp,아디다스
https://img.youtube.com/vi/-qVqA4exHkM/sddefault.jpg,2023년 가장많이팔리는 아디다스키즈운동화 제품 추천순위 TOP10,실속쇼핑,UCO6nulU6Ynd49wME4r21OjA,2023. 6. 26.,77,1160,https://youtu.be/-qVqA4exHkM&pp,아디다스
https://img.youtube.com/vi/7FadwxyvqmA&t/sddefault.jpg,👟친절한 우재씨가 봄 신발 골라드립니다  | 살까요? 말까요? 신발 잡화 편,오늘의 주우재,UCw-kXdzxMdMdLNI0ZlFFbmA,2024. 3. 29.,640000,1140000,https://youtu.be/7FadwxyvqmA&t,아디다스
https://img.youtube.com/vi/Ih0DZZTfuQw/sddefault.jpg,독일 국민 기업 아디다스가 독일을 잃어버린 이유,날리지식,UC4t8p3RRMwWMCOmOgkPItZg,2024. 5. 3.,46000,3200,https://youtu.be/Ih0DZZTfuQw&pp,아디다스
https://img.youtube.com/vi/rDIB5NnRQW8&t/sddefault.jpg,"삼바, 살로몬 말고✔️ 현시점! 가~장 핫한 2024 데일리 운동화 TOP 5👟",AliceFunk 앨리스펑크,UCcRTcy_GuofiJLPLMlVcGxw,2024. 4. 16.,330000,753000,https://youtu.be/rDIB5NnRQW8&t,아디다스
https://img.youtube.com/vi/byoVDNLsraw/sddefault.jpg,아디다스 타쿠미센9 리뷰/ 프로3와 차이점?,안은태,UCu4f7WgQ6uFo55NUtxx_a7g,2023. 6. 27.,13000,4860,https://youtu.be/byoVDNLsraw&pp,아디다스
https://img.youtube.com/vi/sKy2zoncek8/sddefault.jpg,제목 크롤링 오류,채널명 크롤링 오류,UCIntmEEb1_AnAms6gYxZVuw,업로드 일자 크롤링 오류,조회수 크롤링 오류,구독자 수 크롤링 오류,https://youtu.be/sKy2zoncek8&pp,아디다스
https://img.youtube.com/vi/_wI7FTBUTl0/sddefault.jpg,아디다스삼바OG 추천 판매순위 Top10 || 가격 평점 후기 비교,쇼핑헬퍼,UCE0P8Mm8dOqQJCiUqklGjEQ,2023. 7. 9.,684,19900,https://youtu.be/_wI7FTBUTl0&pp,아디다스
https://img.youtube.com/vi/6Wa16ZT-KB0&t/sddefault.jpg,"UNBOXING📦 여름맞이 내돈내산 택배 언박싱🎀 위시템 청산했ㄷ ㅏ.. 💸 | 올리브영 하울, 여름 패션 하울, 존예 여름 블라우스, 리본 슬링백, 여름 보부상 가방, 쿠팡 하울",MINDELI민델리,UCNcstCjc7E85wttJMn7OD9Q,2024. 6. 8.,18000,24600,https://youtu.be/6Wa16ZT-KB0&t,마뗑킴
https://img.youtube.com/vi/rzCE6ezCYBw/sddefault.jpg,"[VISION] 마뗑킴: 보는 순간, 몰입되는 존재감편",Vision Holdings,UCOyPH8iV4Aslw00vHH8O2XA,2023. 12. 15.,2300,294명,https://youtu.be/rzCE6ezCYBw&pp,마뗑킴
https://img.youtube.com/vi/JsEo1A46728/sddefault.jpg,김다인 마뗑킴 대표 - 패션학개론 | Y캠퍼스 23년 1학기 전공강의,Y 스튜디오,UCsRejGuyGCSUVGKC0wo55ig,2023. 7. 13.,926,10900,https://youtu.be/JsEo1A46728&pp,마뗑킴
https://img.youtube.com/vi/IjZVpEX3XJw/sddefault.jpg,"마리떼+마뗑킴+마르디=???, 이 브랜드 좀... 심하네..",까디 인사이트,UChgudP6xPrXWTZQQE3Z5bLg,2024. 2. 3.,1100,6170,https://youtu.be/IjZVpEX3XJw&pp,마뗑킴
https://img.youtube.com/vi/68Dnv_N251I/sddefault.jpg,MZ들이 사랑하는 브랜드 마뗑킴 브랜드 소개!✔️골격별 마뗑킴 패션아이템 추천😎,바이허의 팽대표,UCO99S8ZmPfoSIEpXIWJwOjA,2024. 1. 14.,4700,40800,https://youtu.be/68Dnv_N251I&pp,마뗑킴
https://img.youtube.com/vi/yEaPOYAs8m0/sddefault.jpg,"아..😭진심 잘샀다💓 요즘 핫한 보부상백부터, 존예 미니백까지 직장인&대학생 가방하울 BEST7 (ft.노트북가방, 갓성비가방등)ㅣ인보라INBORA상",INBORA인보라,UCUrCIBJ3ScRAOLgPElscZqA,2024. 5. 22.,70000,473000,https://youtu.be/yEaPOYAs8m0&pp,마뗑킴
https://img.youtube.com/vi/-0TArh73H8c/sddefault.jpg,👜 보부상 친구랑 왓츠인마이백 | 꿀템 꽤 많음(아마도••),세린_SERIN,UCsI-s5XWzzQxcO4egxn-2tg,2024. 5. 27.,16000,6720,https://youtu.be/-0TArh73H8c&pp,마뗑킴
https://img.youtube.com/vi/hSS1vIRXNbw/sddefault.jpg,아울렛에 마뗑킴이 있다고? / 옵스큐라 / 헤칭룸 / 유스,차우차우,UCtfnYEgnExfnc63kGk7tBFQ,2024. 2. 29.,2700,734명,https://youtu.be/hSS1vIRXNbw&pp,마뗑킴
https://img.youtube.com/vi/qkNpwsl2D7A/sddefault.jpg,제목 크롤링 오류,채널명 크롤링 오류,UCpoM3OZG9FnH4eyHeVlC9JA,업로드 일자 크롤링 오류,조회수 크롤링 오류,구독자 수 크롤링 오류,https://youtu.be/qkNpwsl2D7A&pp,마뗑킴
https://img.youtube.com/vi/MVdfVgJW8Ow/sddefault.jpg,"내돈내산 하울🌷예뻐서 눈돌아가는 17가지 봄옷 언박싱 & 같이 입어보아요,,🫢 (존예레더자켓, 봄원피스, 리본셔츠)",지안씨JIANSSI,UCOrOHFBWXwInC1-nycKzX-g,2024. 2. 28.,120000,257000,https://youtu.be/MVdfVgJW8Ow&pp,마뗑킴
https://img.youtube.com/vi/SduCSM6RdqU/sddefault.jpg,"[패토리] MZ를 사로잡고 2년 만에 500억 매출, '마뗑킴(MATIN KIM)' 패션 브랜드 김다인 대표 스토리",프로멀,UClexyT3Cph6aNDgxa5-Ts6g,2023. 7. 23.,1200,4490,https://youtu.be/SduCSM6RdqU&pp,마뗑킴
https://img.youtube.com/vi/CTk9_VFdQIc/sddefault.jpg,제목 크롤링 오류,채널명 크롤링 오류,UCOaooYdrBuum5L5Dh2qCv2A,업로드 일자 크롤링 오류,조회수 크롤링 오류,구독자 수 크롤링 오류,https://youtu.be/CTk9_VFdQIc&pp,마뗑킴
https://img.youtube.com/vi/DryhmXPhj60/sddefault.jpg,"내돈내산 봄맞이 쇼핑리스트📦ㅣ신상 명품백, 바시티 자켓, 기본 티셔츠, 치마바지, 스니커즈, 볼캡, 귀욤키링, 슬림핏 팬츠, 제작 쥬얼리",레이디제인 lady Jane,UCN5TxY0WwQM8xUl2daYzgFA,2024. 3. 1.,100000,73700,https://youtu.be/DryhmXPhj60&pp,마뗑킴
https://img.youtube.com/vi/HTwqTergcb8/sddefault.jpg,제목 크롤링 오류,채널명 크롤링 오류,UCrN_QOb0VxLlGeAbLLDxnhw,업로드 일자 크롤링 오류,조회수 크롤링 오류,구독자 수 크롤링 오류,https://youtu.be/HTwqTergcb8&pp,마뗑킴
https://img.youtube.com/vi/Dn2EvQRKNSA/sddefault.jpg,"본격 해체 리뷰! 가장 핫한 가방 무신사 1위 마뗑킴, 가방제작자가 해체해봤습니다.",사부작트,UCgHdX41sc25RKj8Ek8RP4OQ,2024. 2. 26.,6000,1240,https://youtu.be/Dn2EvQRKNSA&pp,마뗑킴
https://img.youtube.com/vi/gMbQkhHVsWs/sddefault.jpg,뗑며들다.. 마뗑킴이 MZ세대에게 가장 사랑받는 패션 브랜드가 된 이유,김도연,UC65POKmQ9pincDXPxt4jVrQ,2023. 10. 4.,140,구독자 수 크롤링 오류,https://youtu.be/gMbQkhHVsWs&pp,마뗑킴
https://img.youtube.com/vi/5Ne0H77uj-U/sddefault.jpg,"성수vlog / 성수하면 팝업, 로에베 여름향수 추천💙마뗑킴 카드지갑, 앤더슨씨&세터 팝업, 더바넷 언박싱까지!",다쿵_Dacoong,UC_UI69vOQp34IZRMrLqtd6g,2024. 6. 2.,361,2890,https://youtu.be/5Ne0H77uj-U&pp,마뗑킴
https://img.youtube.com/vi/tVwoUzdqcpc/sddefault.jpg,우리 언니 눈에 광기 좀 보세여👀 쇼핑에 진심인 언니와 그런 언니가 버거운 잉뿌삐 동생의 쇼핑 브이로그🛍️💚 ㅣ마리떼•마뗑킴•셀린느•젠틀몬스터•피어,패션애완쏭,UCX4P0iYaQx8YueLcn6o63Ew,2023. 6. 29.,17000,48500,https://youtu.be/tVwoUzdqcpc&pp,마뗑킴
https://img.youtube.com/vi/QkuiX2htnkI&t/sddefault.jpg,💚 여름템은 지금 사야 품절이 되지 않는다 | 5월의 택배_,러브솔,UCy3Dp6QP6bQiB7dwsBZEgwQ,2024. 5. 26.,77000,117000,https://youtu.be/QkuiX2htnkI&t,마뗑킴
https://img.youtube.com/vi/Im8qupISTXI/sddefault.jpg,[Casetify 매장 방문기] 타임빌라스 수원｜ 케이스티파이 ｜ 마뗑킴｜ 마이멜로디｜ 도라에몽｜ 국립중앙박물관 콜라보,상이,UCZIM1JmPezxp2QLw19DEKUQ,2024. 6. 11.,114,8명,https://youtu.be/Im8qupISTXI&pp,마뗑킴
https://img.youtube.com/vi/gS9Ige0yYso/sddefault.jpg,마뗑킴미니백 추천 판매순위 Top10 || 가격 평점 후기 비교,별이 빛나는 쇼핑,UCxv3BPfqB1L5h_4gOXb-PVw,2024. 3. 4.,15,2360,https://youtu.be/gS9Ige0yYso&pp,마뗑킴
https://img.youtube.com/vi/xF_Qo6gS0-8/sddefault.jpg,"N년째 착용〰️브랜드 반팔 티셔츠 모음zip.🍉 구매전 핏감 확인하세요•메종키츠네,아페쎄,마뗑킴,마리떼,폴로",주미니 jumini,UC3NfAk5D8DcR7_VfGHHS9tw,2024. 5. 17.,26000,71100,https://youtu.be/xF_Qo6gS0-8&pp,마뗑킴
https://img.youtube.com/vi/9r1MGddT9T8/sddefault.jpg,마뗑킴미니백 추천 판매순위 Top10 || 가격 평점 후기 비교,하나쇼핑,UCIqwrRdpysk_KqW1zgfALGQ,2024. 3. 3.,45,4510,https://youtu.be/9r1MGddT9T8&pp,마뗑킴
https://img.youtube.com/vi/pTSNo593Q78/sddefault.jpg,"마뗑킴의 23 프리폴 컬렉션, 노스탤직 시티즌",MUSINSA,UCQ_b2Ju4zGHIp22dS7CmCgA,2023. 9. 4.,2000,10300,https://youtu.be/pTSNo593Q78&pp,마뗑킴
https://img.youtube.com/vi/qjqZPS0SAYs/sddefault.jpg,"요새 핫🔥한 키링 모음집 : 모남희, 젤리캣, 코지모지, 마지셔우드, 마뗑킴, 카리나 손민수 키링까지?",유리아YuRia,UC00DJ04oplqj4IUUB5vSwZw,최초 공개: 2023. 7. 8.,260000,245000,https://youtu.be/qjqZPS0SAYs&pp,마뗑킴
https://img.youtube.com/vi/jqdxycccRMM/sddefault.jpg,martin kim 마뗑킴 프로모션,ddannbee,UCsbsdmNJd_TrJlhxZt0Am8Q,2024. 6. 11.,13,1명,https://youtu.be/jqdxycccRMM&pp,마뗑킴
https://img.youtube.com/vi/HBa3SA5oGC8/sddefault.jpg,"⊰✿봄맞이 브랜드 신상털기~🛍️💗 위시리스트 가득가득..📦 ㅣ옷부터 가방, 모자까지!🧢ㅣ 마뗑킴, 시눈, 시엔느, 비터셀즈, 그로브까지ㅣ디자이너 브랜드 봄 하울ㅣ쁨이",쁨이bbeume,UCNGDUa6e3zHJQqV0wkxYa6w,2024. 3. 26.,28000,61200,https://youtu.be/HBa3SA5oGC8&pp,마뗑킴
https://img.youtube.com/vi/nM7cOxDv4G0/sddefault.jpg,제목 크롤링 오류,채널명 크롤링 오류,UCY2YdDn7zXtRbNR0fJ9V_YQ,업로드 일자 크롤링 오류,조회수 크롤링 오류,구독자 수 크롤링 오류,https://youtu.be/nM7cOxDv4G0&pp,마뗑킴
https://img.youtube.com/vi/lMqY9bcPuQg/sddefault.jpg,ASMR [마뗑킴] STUD MINI QUILTING BUCKET BAG IN BLACK 언박싱 #asmr,mullyha 뮬리하,UCgwtYEVSy4tewFEe2J-sVOg,2024. 1. 20.,1000,62명,https://youtu.be/lMqY9bcPuQg&pp,마뗑킴
https://img.youtube.com/vi/_NxanGzCP-A/sddefault.jpg,"Vlog. 실업급여 끝나고 이직 성공👏🏻 회사에 제 방이 생겼어요♥️ | COS 구름백, 마뗑킴 키링 언박싱 | 카페인부산 | 아르마니 틴트 |",소찌소진SOZZZY,UCcMQlurkK2k96vKJp5T13kw,2023. 9. 3.,178,1830,https://youtu.be/_NxanGzCP-A&pp,마뗑킴
https://img.youtube.com/vi/_HwAmtp7Vak/sddefault.jpg,"이게 왜 1등...?🤔 패션 플랫폼별 BEST 1위 가방 내돈내산 솔직리뷰👜 자라, 코스 SPA브랜드까지!",에이프롬 ÁFROM,UCb3RcfZTXh4_ZMZy-sLaLPw,2023. 6. 24.,80000,392000,https://youtu.be/_HwAmtp7Vak&pp,마뗑킴
https://img.youtube.com/vi/UABRKvKjGYk&t/sddefault.jpg,"지금 딱 입기좋은~✴︎ 봄맞이 간절기 패션 아이템 9가지🧵🧦🎒 (+구독자 이벤트🎁)ㅣ안경부터 비니, 카드지갑, 운동화, 머플러, 가방까지..🎒ㅣ개강룩 새내기 코디 룩북ㅣ쁨이",쁨이bbeume,UCNGDUa6e3zHJQqV0wkxYa6w,2024. 2. 21.,60000,61200,https://youtu.be/UABRKvKjGYk&t,마뗑킴
https://img.youtube.com/vi/W8bs_jVBpcg/sddefault.jpg,일본 젊은이에게 한국이 이 정도? 한국인 닮자고 줄까지 서는 상황!,트루코리아,UC1JCH4jlrhrPWGVMaqqPmKw,2024. 3. 8.,33000,15500,https://youtu.be/W8bs_jVBpcg&pp,마뗑킴
https://img.youtube.com/vi/tPh6V-DxCAQ/sddefault.jpg,엄청 유행이었는데 어느새 정점찍고 슬슬 지고 있는 패션 📉,옆집언니 최실장 stylist unnie,UCzYB6YA5f-Tc7GQcIese7pg,2023. 11. 22.,1230000,935000,https://youtu.be/tPh6V-DxCAQ&pp,마뗑킴
https://img.youtube.com/vi/jG_lgnKsIBw/sddefault.jpg,Spring 4Lookbook🌱지금부터 딱 준비해야 할 꾸안꾸 봄 옷 쇼핑하기! with.29CM🤍레더자켓부터 플리츠 롱스커트까지🫧핫한 디자이너 브랜드 좋은 가격에 득템하기,la sagesse지혜,UCZcoFBcFybo6QP5QMDOpVaw,2024. 2. 3.,85000,156000,https://youtu.be/jG_lgnKsIBw&pp,마뗑킴
https://img.youtube.com/vi/xSGoZgDeqDA/sddefault.jpg,나의 최애 데일리백 소개..*🤍 3~20만 원대 귀여운 가방 하울🧳 보부상 가방 추천 | 포터 ・ 마가렛호웰 ・ 낫띵리튼 ・ 마뗑킴,M!NJOO,UCczzEZsSEZ9vDFR4iDLNt2g,2024. 1. 20.,3900,1980,https://youtu.be/xSGoZgDeqDA&pp,마뗑킴
https://img.youtube.com/vi/5NN9AKlx8nE/sddefault.jpg,제목 크롤링 오류,채널명 크롤링 오류,UCrcn9XpaNhBCKcq20vc5d_A,업로드 일자 크롤링 오류,조회수 크롤링 오류,구독자 수 크롤링 오류,https://youtu.be/5NN9AKlx8nE&pp,마뗑킴
https://img.youtube.com/vi/sTyRxac7Lmc/sddefault.jpg,마뗑킴 가방 언박싱 💰(BIG COATING TOTE BAG IN)/ 인천 핫플 티쏘 베이커리 카페 🥐-티쏘 카페/ 짱구 극장판 리뷰🍿 /먹고 노는 나는야 베짱이가 꿈이야 🫠💚,서맨두,UC-z6EUbJV8TQcRzuU7i404A,2023. 7. 3.,235,61명,https://youtu.be/sTyRxac7Lmc&pp,마뗑킴
https://img.youtube.com/vi/9KEos-AfwnE/sddefault.jpg,"[ 일상 브이로그 ]| 소소한 생일파티 🎂( 마뗑킴 지갑, 드래곤 디퓨전 언박싱)| 한강 피크닉 | 행궁동 즐기기 | 중랑 장미축제🌹",리히비 rihibi,UCbptIWPmHFDmX8tORaL3b3w,2024. 6. 4.,46,934명,https://youtu.be/9KEos-AfwnE&pp,마뗑킴
https://img.youtube.com/vi/BLOodUou0YA/sddefault.jpg,"브이로그 | #직장인출근룩, 데일리룩, 검정자켓추천 | 마뗑킴 가방, 꼼데가르송 가디건 | 신혼집 인테리어, #까사미아 캄포슬림, 이사 브이로그 | 후쿠오카 여행, 맛집투어",안로그 Anlog,UC3NGp4Cx1bAWbcVeuFNyvYg,2024. 5. 19.,2000,1850,https://youtu.be/BLOodUou0YA&pp,마뗑킴
https://img.youtube.com/vi/6ZcUzvSafks/sddefault.jpg,"전완근 펌핑을 돕는 아이폰15 프로맥스 화이트 언박싱 + 케이스티파이 마뗑킴, 슈피겐 케이스 | IPHONE15 PRO MAX White",노말이,UChhQpACu5nIh7jKy2x2do2w,2023. 12. 3.,6700,24000,https://youtu.be/6ZcUzvSafks&pp,마뗑킴
https://img.youtube.com/vi/-HSHG6hG06k/sddefault.jpg,vlog 닭가슴살 처돌이 직장인 점심 도시락 브이로그 🍱 | 마뗑킴 블로퍼 언박싱 | 영화 바비 🩷 | 이삿짐 정리 끝낸 자취 일상,유도록youdorok,UCAnD-5BOp9Q4sxfVUS7odYw,2023. 8. 6.,715,1110,https://youtu.be/-HSHG6hG06k&pp,마뗑킴
https://img.youtube.com/vi/D1l7LuC6560/sddefault.jpg,마뗑킴 마틴킴 토끼키링 레어템,지수,UCsA29Gmlom-E_gf9I4VForg,2023. 10. 16.,80,구독자 수 크롤링 오류,https://youtu.be/D1l7LuC6560&pp,마뗑킴
https://img.youtube.com/vi/hh415xnL_Jg/sddefault.jpg,[TALK] 쓰리잡 직장인 왓츠인마이백 👜 | 보부상 가방 추천 | 마땡킴,밍서,UC_-4DnGjcac8wO3HmgNxFcA,2023. 8. 20.,6900,18000,https://youtu.be/hh415xnL_Jg&pp,마뗑킴
https://img.youtube.com/vi/ETVfRoFBvXs/sddefault.jpg,올해 가장 잘 팔린   마뗑킴가디건   오늘의 인기추천   BEST  ㅣ추천템ㅣ생활 꿀템ㅣ,리뷰닷컴,UCqxVqWEH9-xkA7ANaTE5Dhg,2024. 6. 4.,7,1700,https://youtu.be/ETVfRoFBvXs&pp,마뗑킴
https://img.youtube.com/vi/J4rlfq30nvI/sddefault.jpg,"˚✧₊Winter Diaries 겨울일기(어그,마뗑킴 패딩,쓰리타임즈,수지반팔,수아레 니트,모던하우스, 김장)⁎⁺˳✧༚",sse,UCa7AV7SlvCbj319FwLkw7Bg,2023. 11. 27.,615,18명,https://youtu.be/J4rlfq30nvI&pp,마뗑킴
https://img.youtube.com/vi/sW7mEfmUYM4/sddefault.jpg,10만원대 데일리 만능백 추천ㅣ마뗑킴VS 가니(GANNI)ㅣ#제니백 ㅣ누가 누가 더 예쁠까?!☺️,쪼슈라이프 JJOCHOULIFE,UCVJ9ot42o1X9cTkOdTyJxQw,2024. 1. 7.,6400,2029,https://youtu.be/sW7mEfmUYM4&pp,마뗑킴
https://img.youtube.com/vi/gNOmq8MZhrk/sddefault.jpg,요즘 산 것들 언박싱 🛍 까르띠에 시계•마르헨제이백•마뗑킴•젠틀몬스터•하트퍼센트•등드름케어•괄사•AEAE,MIYUT미윳,UCzjXBk6GY0wHt_iXAvKaaVA,2023. 10. 15.,32000,259000,https://youtu.be/gNOmq8MZhrk&pp,마뗑킴
https://img.youtube.com/vi/fM4f6rvu_mg/sddefault.jpg,"키링이..10만원?🧸1분만에 매진되는 핫한 키링들 사봄(모남희,마지셔우드,마뗑킴,코지모지,지브리파크 굿즈까지)| 샨토끼",샨토끼,UCQHb4hhZ6PVkhNHttzlQmVw,2023. 8. 12.,12000,290000,https://youtu.be/fM4f6rvu_mg&pp,마뗑킴
https://img.youtube.com/vi/yLHFOPMrCkA/sddefault.jpg,"남자 버뮤다팬츠 추천👖 반바지 싹다리뷰! 무신사 블프 세일🔥 (가성비, 품절대란, 회색츄리닝, 존예바지)",코가이 COGUY,UClwBDUAxmjb9zosF_f3l0Ng,2024. 6. 26.,6800,73800,https://youtu.be/yLHFOPMrCkA&pp,제로
https://img.youtube.com/vi/ut6F-VaWaWg/sddefault.jpg,제로 vs 가까이 유니언즈 + (피아네르) | 가성비 스웻팬츠 3개 비교리뷰 !!,호패션 Ho Fashion,UCznsTHb-5UvPHGstJapUTCg,2024. 3. 15.,1500,2660,https://youtu.be/ut6F-VaWaWg&pp,제로
https://img.youtube.com/vi/cjT5eSsb6MM/sddefault.jpg,스웻 팬츠 사기 전에 꼭 봐야하는 영상,짱구대디,UCcSepD5GRKpskptBW2TSKGg,2023. 12. 16.,76000,577000,https://youtu.be/cjT5eSsb6MM&pp,제로
https://img.youtube.com/vi/rzM1NAxdsHM/sddefault.jpg,가을겨울 필수템!! 서로 다른 가성비 스웻팬츠 4종 추천해 드림,페플TV,UCeRItOFMPO3TBKK7lp9vcdQ,2023. 10. 13.,72000,54100,https://youtu.be/rzM1NAxdsHM&pp,제로
https://img.youtube.com/vi/21xYFaxCBt4/sddefault.jpg,📦 ‘도대체 이게 왜 1위?’ 무신사 TOP5 찐리뷰 간다.,오늘의 주우재,UCw-kXdzxMdMdLNI0ZlFFbmA,2023. 8. 8.,470000,1160000,https://youtu.be/21xYFaxCBt4&pp,제로
https://img.youtube.com/vi/tk4Wzs8WiV4/sddefault.jpg,한번 사서 평생입는 유행 없는 기본템 총정리🗂️,Junsoo 함준수,UCV-U1crQo6iW7F-7xsuUnFg,2023. 8. 21.,420000,118000,https://youtu.be/tk4Wzs8WiV4&pp,제로
https://img.youtube.com/vi/MfLiOoX885E/sddefault.jpg,"2023 스웻팬츠 어워드 [핏,가성비,디자인]",패셔니스타 패짱이,UCiW9OpKMeMe5gn9eeCZL7qA,2023. 8. 30.,28000,59300,https://youtu.be/MfLiOoX885E&pp,제로
https://img.youtube.com/vi/BrXeY1Y_T-M/sddefault.jpg,"제로스트릿 23 가을/겨울 1차 우먼 스타일, 걸스 스타일",MUSINSA,UCQ_b2Ju4zGHIp22dS7CmCgA,2023. 9. 7.,797,10300,https://youtu.be/BrXeY1Y_T-M&pp,제로
https://img.youtube.com/vi/g7r6OIuYLG0/sddefault.jpg,"패션 플랫폼별 1등 여름 바지! 긴바지, 반바지 모두 내돈내산으로 전부 입어보겠습니다",패션튜브삭형,UCJdZej-O_M69bB4M6aiiLcw,2024. 6. 1.,29000,215000,https://youtu.be/g7r6OIuYLG0&pp,제로
https://img.youtube.com/vi/d2GqpwAW4yA/sddefault.jpg,직접 골라왔다! 가성비 굳! 반바지 6개 추천👍,짱구대디,UCcSepD5GRKpskptBW2TSKGg,2024. 5. 31.,46000,577000,https://youtu.be/d2GqpwAW4yA&pp,제로
https://img.youtube.com/vi/fKdRNTI0tnc/sddefault.jpg,여름 바지 사기 전에 꼭 보세요! 옷 걱정 없애주는 여름 바지 추천👖,패션플래닛,UC9vu2JsuE7g-1r9HkYkOopw,2024. 5. 25.,89000,248000,https://youtu.be/fKdRNTI0tnc&pp,제로
https://img.youtube.com/vi/sZSfXxq4gII/sddefault.jpg,28초로 만원 이상 아끼는 추석 무신사 꿀팁,택이,UC8WQRGtRcif88Y_ThL92fQA,2023. 9. 27.,76000,105000,https://youtu.be/sZSfXxq4gII&pp,제로
https://img.youtube.com/vi/6zGQUqfWuUc/sddefault.jpg,"[SUB][옷미새] #06|무신사에서 산 신발이.. 잘못 왔다??😱 | The guy obsessed with Clothes #06 | 비락 식혜 제로, 캐논 파워샷, 옷걸이 추천",준성 JUNSEONG,UC1EAFeXAu2jKFYqvBamWSZA,2024. 5. 17.,22000,63000,https://youtu.be/6zGQUqfWuUc&pp,제로
https://img.youtube.com/vi/8FWbwmi-Y8g/sddefault.jpg,※패린이 필수시청※ 무신사 랭킹은 정말 걸러야 하는걸까?,패셔니스타 패짱이,UCiW9OpKMeMe5gn9eeCZL7qA,2023. 8. 20.,23000,59300,https://youtu.be/8FWbwmi-Y8g&pp,제로
